1_step_rmse,2_step_rmse,3_step_rmse,4_step_rmse,5_step_rmse,6_step_rmse,7_step_rmse,8_step_rmse,9_step_rmse,10_step_rmse,11_step_rmse,12_step_rmse,avg_fold_rmse,fit_time,prediction_time
110.3252985552639,141.54474461868,156.61688400010377,167.6068746591229,176.64709728996638,180.30984111203182,169.32157059833744,152.12070834973952,148.9362935993893,156.92887502973136,158.52661726794605,162.33091943734772,135.34,1303.7655205726624,472.42303824424744
