1_step_rmse,2_step_rmse,3_step_rmse,4_step_rmse,5_step_rmse,6_step_rmse,7_step_rmse,8_step_rmse,9_step_rmse,10_step_rmse,11_step_rmse,12_step_rmse,avg_fold_rmse,fit_time,prediction_time
94.63643995276831,117.42258844823421,115.68593069587409,126.4747788558844,136.80022124983512,143.051882588718,144.72724439932472,140.81093188406712,137.47604171527522,131.59741121679005,135.71407415942423,128.14616875478313,115.05,1081.1804971694946,365.8320291042328
