1_step_rmse,2_step_rmse,3_step_rmse,4_step_rmse,5_step_rmse,6_step_rmse,7_step_rmse,8_step_rmse,9_step_rmse,10_step_rmse,11_step_rmse,12_step_rmse,avg_fold_rmse,fit_time,prediction_time
102.51858563884488,114.55399393656617,121.76630699946733,122.37073365877404,126.81507338293133,136.505697457968,124.75331606232689,122.42915887295507,114.38058316262965,111.14288518433143,114.8516950777922,110.57260383588479,101.17,963.7788574695587,376.3793430328369
