1_step_rmse,2_step_rmse,3_step_rmse,4_step_rmse,5_step_rmse,6_step_rmse,7_step_rmse,8_step_rmse,9_step_rmse,10_step_rmse,11_step_rmse,12_step_rmse,avg_fold_rmse
102.4943391063325,114.63768344517575,121.72918859214907,122.33146500642323,126.88952702523665,136.49856554075728,125.10151460657711,122.45650467931146,114.37874366021818,111.14382005512842,115.10060782997861,110.61809831505627,101.18
