1_step_rmse,2_step_rmse,3_step_rmse,4_step_rmse,5_step_rmse,6_step_rmse,7_step_rmse,8_step_rmse,9_step_rmse,10_step_rmse,11_step_rmse,12_step_rmse,avg_fold_rmse
102.51858562892471,114.58170328088785,121.7397769904802,122.42547582034803,126.85561231334867,135.84798403202046,125.11831258330253,122.44425397264916,114.28282166430299,111.13876336336746,114.85929303660653,110.59301666279731,101.16
